0,1,254,Squid-Game-Front-Man-Mask.png,542,739
1,4,356,Squid-Game-Front-Man-Mask.png,542,739
2,23,453,Squid-Game-Front-Man-Mask.png,542,739
3,49,538,Squid-Game-Front-Man-Mask.png,542,739
4,86,583,Squid-Game-Front-Man-Mask.png,542,739
5,125,624,Squid-Game-Front-Man-Mask.png,542,739
6,164,664,Squid-Game-Front-Man-Mask.png,542,739
7,202,706,Squid-Game-Front-Man-Mask.png,542,739
8,269,729,Squid-Game-Front-Man-Mask.png,542,739
9,333,707,Squid-Game-Front-Man-Mask.png,542,739
10,378,662,Squid-Game-Front-Man-Mask.png,542,739
11,410,624,Squid-Game-Front-Man-Mask.png,542,739
12,446,583,Squid-Game-Front-Man-Mask.png,542,739
13,484,531,Squid-Game-Front-Man-Mask.png,542,739
14,518,452,Squid-Game-Front-Man-Mask.png,542,739
15,537,357,Squid-Game-Front-Man-Mask.png,542,739
16,538,255,Squid-Game-Front-Man-Mask.png,542,739
17,28,168,Squid-Game-Front-Man-Mask.png,542,739
18,66,140,Squid-Game-Front-Man-Mask.png,542,739
19,118,139,Squid-Game-Front-Man-Mask.png,542,739
20,163,159,Squid-Game-Front-Man-Mask.png,542,739
21,203,187,Squid-Game-Front-Man-Mask.png,542,739
22,300,186,Squid-Game-Front-Man-Mask.png,542,739
23,343,157,Squid-Game-Front-Man-Mask.png,542,739
24,397,129,Squid-Game-Front-Man-Mask.png,542,739
25,459,130,Squid-Game-Front-Man-Mask.png,542,739
26,500,158,Squid-Game-Front-Man-Mask.png,542,739
27,250,254,Squid-Game-Front-Man-Mask.png,542,739
28,254,308,Squid-Game-Front-Man-Mask.png,542,739
29,256,368,Squid-Game-Front-Man-Mask.png,542,739
30,259,430,Squid-Game-Front-Man-Mask.png,542,739
31,190,446,Squid-Game-Front-Man-Mask.png,542,739
32,222,452,Squid-Game-Front-Man-Mask.png,542,739
33,259,463,Squid-Game-Front-Man-Mask.png,542,739
34,299,452,Squid-Game-Front-Man-Mask.png,542,739
35,332,446,Squid-Game-Front-Man-Mask.png,542,739
36,67,272,Squid-Game-Front-Man-Mask.png,542,739
37,101,248,Squid-Game-Front-Man-Mask.png,542,739
38,156,250,Squid-Game-Front-Man-Mask.png,542,739
39,191,273,Squid-Game-Front-Man-Mask.png,542,739
40,153,286,Squid-Game-Front-Man-Mask.png,542,739
41,97,292,Squid-Game-Front-Man-Mask.png,542,739
42,324,269,Squid-Game-Front-Man-Mask.png,542,739
43,371,241,Squid-Game-Front-Man-Mask.png,542,739
44,427,241,Squid-Game-Front-Man-Mask.png,542,739
45,458,265,Squid-Game-Front-Man-Mask.png,542,739
46,421,284,Squid-Game-Front-Man-Mask.png,542,739
47,372,284,Squid-Game-Front-Man-Mask.png,542,739
48,126,520,Squid-Game-Front-Man-Mask.png,542,739
49,164,512,Squid-Game-Front-Man-Mask.png,542,739
50,204,507,Squid-Game-Front-Man-Mask.png,542,739
51,262,508,Squid-Game-Front-Man-Mask.png,542,739
52,319,507,Squid-Game-Front-Man-Mask.png,542,739
53,360,515,Squid-Game-Front-Man-Mask.png,542,739
54,398,526,Squid-Game-Front-Man-Mask.png,542,739
55,369,557,Squid-Game-Front-Man-Mask.png,542,739
56,331,573,Squid-Game-Front-Man-Mask.png,542,739
57,266,582,Squid-Game-Front-Man-Mask.png,542,739
58,196,574,Squid-Game-Front-Man-Mask.png,542,739
59,154,554,Squid-Game-Front-Man-Mask.png,542,739
60,191,534,Squid-Game-Front-Man-Mask.png,542,739
61,232,530,Squid-Game-Front-Man-Mask.png,542,739
62,264,530,Squid-Game-Front-Man-Mask.png,542,739
63,298,529,Squid-Game-Front-Man-Mask.png,542,739
64,338,531,Squid-Game-Front-Man-Mask.png,542,739
65,298,541,Squid-Game-Front-Man-Mask.png,542,739
66,264,542,Squid-Game-Front-Man-Mask.png,542,739
67,232,542,Squid-Game-Front-Man-Mask.png,542,739
68,10,174,Squid-Game-Front-Man-Mask.png,542,739
69,42,77,Squid-Game-Front-Man-Mask.png,542,739
70,140,17,Squid-Game-Front-Man-Mask.png,542,739
71,256,4,Squid-Game-Front-Man-Mask.png,542,739
72,388,10,Squid-Game-Front-Man-Mask.png,542,739
73,501,68,Squid-Game-Front-Man-Mask.png,542,739
74,534,167,Squid-Game-Front-Man-Mask.png,542,739
